time,product_id,transaction_id
1557040449.016962,17948,1
1557040449.016962,21292,1
1557040449.016962,24799,1
1557040449.016962,33754,1
